{
  "current_best_parameters": {
    "num_particles": 50,
    "w": 0.4,
    "c1": 2.0,
    "c2": 2.0
  },
  "current_avg_makespan": 2240,
  "current_avg_exec_time": 95.46911215782166,
  "current_individual_results": {
    "data_20j_15m_1.txt": {
      "makespan": 2087,
      "exec_time": 89.31763339042664
    },
    "data_20j_15m_2.txt": {
      "makespan": 2393,
      "exec_time": 101.62059092521667
    }
  },
  "search_progress": {
    "completed": 36,
    "total": 81
  },
  "timestamp": "2025-04-06T22:20:16.505960"
}