{
  "current_best_parameters": {
    "num_particles": 30,
    "max_iter": 50,
    "w": 0.7,
    "c1": 1.5,
    "c2": 2.0
  },
  "current_avg_makespan": 3234.7,
  "current_avg_exec_time": 15.971694231033325,
  "current_individual_results": {
    "data_30j_15m_1.txt": {
      "makespan": 3276,
      "exec_time": 16.38027858734131
    },
    "data_30j_15m_10.txt": {
      "makespan": 3066,
      "exec_time": 17.296590566635132
    },
    "data_30j_15m_2.txt": {
      "makespan": 3251,
      "exec_time": 16.296902179718018
    },
    "data_30j_15m_3.txt": {
      "makespan": 3330,
      "exec_time": 15.197394609451294
    },
    "data_30j_15m_4.txt": {
      "makespan": 3273,
      "exec_time": 18.007826805114746
    },
    "data_30j_15m_5.txt": {
      "makespan": 3247,
      "exec_time": 16.791247844696045
    },
    "data_30j_15m_6.txt": {
      "makespan": 3339,
      "exec_time": 15.491149187088013
    },
    "data_30j_15m_7.txt": {
      "makespan": 3377,
      "exec_time": 14.271612405776978
    },
    "data_30j_15m_8.txt": {
      "makespan": 3199,
      "exec_time": 13.520232677459717
    },
    "data_30j_15m_9.txt": {
      "makespan": 2989,
      "exec_time": 16.463707447052002
    }
  },
  "search_progress": {
    "completed": 4,
    "total": 54
  },
  "timestamp": "2025-04-05T20:05:03.049764"
}