{
  "current_best_parameters": {
    "num_particles": 10,
    "max_iter": 50,
    "w": 0.7,
    "c1": 2.0,
    "c2": 1.0
  },
  "current_avg_makespan": 2385.8,
  "current_avg_exec_time": 8.021665954589844,
  "current_individual_results": {
    "data_20j_15m_1.txt": {
      "makespan": 2449,
      "exec_time": 8.148326396942139
    },
    "data_20j_15m_2.txt": {
      "makespan": 2533,
      "exec_time": 8.082955598831177
    },
    "data_20j_15m_3.txt": {
      "makespan": 2340,
      "exec_time": 8.006616830825806
    },
    "data_20j_15m_4.txt": {
      "makespan": 2342,
      "exec_time": 7.614080905914307
    },
    "data_20j_15m_5.txt": {
      "makespan": 2265,
      "exec_time": 8.256350040435791
    }
  },
  "search_progress": {
    "completed": 16,
    "total": 324
  },
  "timestamp": "2025-04-05T13:27:16.627060"
}